time,title,url,summary,source,overall_sentiment_score,overall_sentiment_label,ticker,ticker_relevance_score,ticker_sentiment_score,ticker_sentiment_label
2024-04-01 11:17:00,"The Zacks Analyst Blog Highlights Walmart, Linde, IBM, Deere and Duke Energy",https://www.zacks.com/stock/news/2248151/the-zacks-analyst-blog-highlights-walmart-linde-ibm-deere-and-duke-energy,"Walmart, Linde, IBM, Deere and Duke Energy are included in this Analyst Blog.",www.zacks.com,0.30396,Somewhat-Bullish,DE,0.143843,0.03944,Neutral
2024-04-01 21:50:20,Deere  ( DE )  Suffers a Larger Drop Than the General Market: Key Insights,https://www.zacks.com/stock/news/2248704/deere-de-suffers-a-larger-drop-than-the-general-market-key-insights,"Deere (DE) reachead $404.14 at the closing of the latest trading day, reflecting a -1.61% change compared to its last close.",www.zacks.com,0.155907,Somewhat-Bullish,DE,0.521961,0.151521,Somewhat-Bullish
2024-04-02 10:00:12,World's Billionaires List 2024: The Top 200,https://www.forbes.com/sites/chasewithorn/2024/04/02/forbes-worlds-billionaires-list-2024-the-top-200/,"Here are the wealthiest people on Forbes' annual rich list. hat a year it's been for the planet's billionaires, whose fortunes continue to swell as global stock markets shrug off war, political unrest and lingering inflation.",www.forbes.com,0.100811,Neutral,DE,0.009098,0.073322,Neutral
2024-04-03 07:00:00,Alamo Group Shows Rising Relative Strength; Still Shy Of Key Threshold,https://www.investors.com/ibd-data-stories/alamo-group-shows-rising-relative-strength-still-shy-of-key-threshold-2/,Alamo Group Shows Rising Relative Strength. Still Shy Of Key Threshold Investor's Business Daily ...,www.investors.com,0.327126,Somewhat-Bullish,DE,0.358152,0.0,Neutral
2024-04-03 19:45:24,Peering Into Deere's Recent Short Interest - Deere  ( NYSE:DE ) ,https://www.benzinga.com/insights/short-sellers/24/04/38077418/peering-into-deeres-recent-short-interest,"Deere's DE short percent of float has fallen 10.09% since its last report. The company recently reported that it has 2.71 million shares sold short, which is 0.98% of all regular shares that are available for trading. Based on its trading volume, it would take traders 1.74 days to cover their ...",www.benzinga.com,0.264538,Somewhat-Bullish,DE,0.212115,0.081887,Neutral
2024-04-04 19:32:48,Deere Options Trading: A Deep Dive into Market Sentiment - Deere  ( NYSE:DE ) ,https://www.benzinga.com/insights/options/24/04/38099325/deere-options-trading-a-deep-dive-into-market-sentiment,"Investors with a lot of money to spend have taken a bullish stance on Deere DE. We noticed this today when the trades showed up on publicly available options history that we track here at Benzinga. Whether these are institutions or just wealthy individuals, we don't know.",www.benzinga.com,0.189446,Somewhat-Bullish,DE,0.716023,0.256911,Somewhat-Bullish
2024-04-08 07:47:00,"Agricultural Machinery Market In US size is set to grow by USD 10.17 bn from 2024-2028,rising adoption of advanced ... - PR Newswire",https://www.prnewswire.com/news-releases/agricultural-machinery-market-in-us-size-is-set-to-grow-by-usd-10-17-bn-from-2024-2028-rising-adoption-of-advanced-agricultural-machinery-boost-the-market--technavio-302109901.html,"Agricultural Machinery Market In US size is set to grow by USD 10.17 bn from 2024-2028,rising adoption of advanced ... PR ...",www.prnewswire.com,0.261374,Somewhat-Bullish,DE,0.075279,0.119239,Neutral
2024-04-08 13:29:00,Why Did Deere Stock Rise 13% Last Month?,https://www.fool.com/investing/2024/04/08/why-did-deere-stock-rise-13-last-month/,The industrial leader enjoyed favorable data from a key end market along with accommodating capital market conditions.,www.fool.com,0.417539,Bullish,DE,0.735253,0.640936,Bullish
2024-04-08 17:16:38,Check Out What Whales Are Doing With Deere - Deere  ( NYSE:DE ) ,https://www.benzinga.com/insights/options/24/04/38147288/check-out-what-whales-are-doing-with-deere,"Deep-pocketed investors have adopted a bearish approach towards Deere DE, and it's something market players shouldn't ignore. Our tracking of public options records at Benzinga unveiled this significant move today.",www.benzinga.com,0.148058,Neutral,DE,0.791876,0.196731,Somewhat-Bullish
2024-04-10 18:13:46,Elon Musk's undisclosed Starlink costs undercut profitability claims,https://www.business-standard.com/world-news/elon-musk-s-undisclosed-starlink-costs-undercut-profitability-claims-124041001285_1.html,SpaceX's prized Starlink satellite business is still burning through more cash than it brings in.,www.business-standard.com,0.104345,Neutral,DE,0.026474,0.081817,Neutral
2024-04-11 16:07:00,AGCO Announces PTx Launch to Boost Technology Transformation,https://www.zacks.com/stock/news/2254043/agco-announces-ptx-launch-to-boost-technology-transformation,"AGCO launches PTx, a Precision Ag Portfolio, to support the future development and distribution of next-generation ag technologies for farmers.",www.zacks.com,0.056985,Neutral,DE,0.250386,-0.087812,Neutral
2024-04-11 19:01:26,Check Out What Whales Are Doing With Deere - Deere  ( NYSE:DE ) ,https://www.benzinga.com/insights/options/24/04/38209814/check-out-what-whales-are-doing-with-deere,"Financial giants have made a conspicuous bearish move on Deere. Our analysis of options history for Deere DE revealed 8 unusual trades. Delving into the details, we found 0% of traders were bullish, while 100% showed bearish tendencies.",www.benzinga.com,0.15771,Somewhat-Bullish,DE,0.84035,0.186089,Somewhat-Bullish
2024-04-11 21:50:19,Deere  ( DE )  Rises But Trails Market: What Investors Should Know,https://www.zacks.com/stock/news/2254119/deere-de-rises-but-trails-market-what-investors-should-know,"Deere (DE) closed at $412.84 in the latest trading session, marking a +0.21% move from the prior day.",www.zacks.com,0.202587,Somewhat-Bullish,DE,0.601928,0.255607,Somewhat-Bullish
2024-04-12 17:50:00,"Australia Lawn Mowers Market to Reach $1.31 Billion by 2029, Growth Outlook & Forecast 2029 with Top Leaders ... - PR Newswire",https://www.prnewswire.com/news-releases/australia-lawn-mowers-market-to-reach-1-31-billion-by-2029--growth-outlook--forecast-2029-with-top-leaders-size-and-share-analysis---arizton-302115388.html,"Australia Lawn Mowers Market to Reach $1.31 Billion by 2029, Growth Outlook & Forecast 2029 with Top Leaders ... PR ...",www.prnewswire.com,0.312136,Somewhat-Bullish,DE,0.04111,0.06337,Neutral
2024-04-15 13:44:00,4 Farm Equipment Stocks in Focus on Strong Industry Trends,https://www.zacks.com/commentary/2255119/4-farm-equipment-stocks-in-focus-on-strong-industry-trends,"The Manufacturing - Farm Equipment industry stocks Deere (DE), Kubota (KUBTY), CNH Industrial (CNHI) and Alamo (ALG) are set to gain from improving farm equipment demand and investment in technology.",www.zacks.com,0.313227,Somewhat-Bullish,DE,0.217834,0.199863,Somewhat-Bullish
2024-04-16 08:41:00,"Zacks Industry Outlook Highlights Deere, Kubota, CNH Industrial and Alamo",https://www.zacks.com/stock/news/2255727/zacks-industry-outlook-highlights-deere-kubota-cnh-industrial-and-alamo,"Deere, Kubota, CNH Industrial and Alamo have been highlighted in this Industry Outlook article.",www.zacks.com,0.313393,Somewhat-Bullish,DE,0.237616,0.206465,Somewhat-Bullish
2024-04-16 13:00:12,Investors Heavily Search Deere & Company  ( DE ) : Here is What You Need to Know,https://www.zacks.com/stock/news/2255902/investors-heavily-search-deere-company-de-here-is-what-you-need-to-know,"Recently, Zacks.com users have been paying close attention to Deere (DE). This makes it worthwhile to examine what the stock has in store.",www.zacks.com,0.23259,Somewhat-Bullish,DE,0.485711,0.158122,Somewhat-Bullish
2024-04-16 14:44:00,TVS SCS North America achieves Deere & Company's highest supplier rating,https://www.business-standard.com/markets/capital-market-news/tvs-scs-north-america-achieves-deere-company-s-highest-supplier-rating-124041601085_1.html,"Suppliers who participate in the 'Achieving Excellence program' are evaluated annually in several key performance categories, including quality, delivery, process alignment, value creation, and relationship.",www.business-standard.com,0.529863,Bullish,DE,0.252987,0.412915,Bullish
2024-04-16 15:56:00,Apogee  ( APOG )  to Report Q4 Earnings: What's in the Cards?,https://www.zacks.com/stock/news/2256317/apogee-apog-to-report-q4-earnings-whats-in-the-cards,"Apogee's (APOG) fiscal fourth-quarter results are likely to reflect gains from improved pricing and product mix, offset by supply constraints and cost inflation.",www.zacks.com,0.120607,Neutral,DE,0.118354,0.0,Neutral
2024-04-16 16:20:00,The perfect job doesn't exi…John Deere Launches Nationwide Search for First-Ever Chief Tractor Officer to be the Face and Voice of the Company's Social Media,https://www.benzinga.com/pressreleases/24/04/n38275882/the-perfect-job-doesnt-exi-john-deere-launches-nationwide-search-for-first-ever-chief-tractor-offi,"MOLINE, Ill., April 16, 2024 /PRNewswire/ -- This isn't just a job.",www.benzinga.com,0.413816,Bullish,DE,0.126119,0.0,Neutral
2024-04-16 17:30:43,$100 Invested In Deere 5 Years Ago Would Be Worth This Much Today - Deere  ( NYSE:DE ) ,https://www.benzinga.com/insights/news/24/04/38277307/100-invested-in-deere-5-years-ago-would-be-worth-this-much-today,"Deere DE has outperformed the market over the past 5 years by 6.72% on an annualized basis producing an average annual return of 18.41%. Currently, Deere has a market capitalization of $109.62 billion.",www.benzinga.com,0.238974,Somewhat-Bullish,DE,0.95919,0.384695,Bullish
2024-04-16 20:37:00,The 5 best riding lawn mowers of 2024,https://www.businessinsider.com/guides/home/best-riding-lawn-mower,"For those after the best lawn mower, no matter how lightweight or fast the self-propel feature is on a push mower, they're no match for yards bigger than half an acre. Instead, a riding lawn mower is necessary for getting a large mowing job done in a shorter time without causing undue stress or ...",www.businessinsider.com,0.176854,Somewhat-Bullish,DE,0.014648,0.0,Neutral
2024-04-16 21:01:44,"Gold Resource Reports Q1 Sales; Worthington Steel Partner-Level Supplier; US Gold's Direct Offering And More: Tuesday's Top Mining Stories - Deere  ( NYSE:DE ) , Gold Resource  ( AMEX:GORO ) ",https://www.benzinga.com/news/earnings/24/04/38281694/gold-resource-reports-q1-sales-worthington-steel-partner-level-supplier-us-golds-direct-offering-an,"1. Gold Resource GORO reported preliminary Q1 results, including sales of 3,557 ounces of gold and 216,535 ounces of silver, totaling 5,965 gold equivalent ounces. The company also sold 1,682 tons of zinc, 264 tons of copper and 667 tons of lead.",www.benzinga.com,0.340716,Somewhat-Bullish,DE,0.421485,0.517495,Bullish
2024-04-17 13:30:10,Is It Worth Investing in Deere  ( DE )  Based on Wall Street's Bullish Views?,https://www.zacks.com/stock/news/2256758/is-it-worth-investing-in-deere-de-based-on-wall-streets-bullish-views,"According to the average brokerage recommendation (ABR), one should invest in Deere (DE). It is debatable whether this highly sought-after metric is effective because Wall Street analysts' recommendations tend to be overly optimistic. Would it be worth investing in the stock?",www.zacks.com,0.27697,Somewhat-Bullish,DE,0.358521,0.176857,Somewhat-Bullish
2024-04-17 16:06:00,Pentair  ( PNR )  to Report Q1 Earnings: What's in the Cards?,https://www.zacks.com/stock/news/2257157/pentair-pnr-to-report-q1-earnings-whats-in-the-cards,"Pentair's (PNR) first-quarter 2023 performance is likely to reflect the impacts of lower pool volumes, inflated costs and supply-chain issues, offset by pricing actions.",www.zacks.com,0.113496,Neutral,DE,0.129168,0.0,Neutral
2024-04-17 16:07:00,What's in Store for Packaging Corp  ( PKG )  in Q1 Earnings?,https://www.zacks.com/stock/news/2257158/whats-in-store-for-packaging-corp-pkg-in-q1-earnings,Packaging Corp's (PKG) first-quarter 2023 results are likely to reflect the impacts of lower volume in both segments on weak demand.,www.zacks.com,0.106491,Neutral,DE,0.118064,0.0,Neutral
2024-04-17 22:00:19,Deere  ( DE )  Ascends While Market Falls: Some Facts to Note,https://www.zacks.com/stock/news/2257252/deere-de-ascends-while-market-falls-some-facts-to-note,"In the most recent trading session, Deere (DE) closed at $396.88, indicating a +0.98% shift from the previous trading day.",www.zacks.com,0.181704,Somewhat-Bullish,DE,0.551622,0.244,Somewhat-Bullish
2024-04-19 17:31:39,Market Whales and Their Recent Bets on Deere Options - Deere  ( NYSE:DE ) ,https://www.benzinga.com/insights/options/24/04/38339647/market-whales-and-their-recent-bets-on-deere-options,"Investors with a lot of money to spend have taken a bearish stance on Deere DE. We noticed this today when the trades showed up on publicly available options history that we track here at Benzinga. Whether these are institutions or just wealthy individuals, we don't know.",www.benzinga.com,0.140533,Neutral,DE,0.804667,0.239627,Somewhat-Bullish
2024-04-19 21:50:18,Deere  ( DE )  Stock Moves -0.07%: What You Should Know,https://www.zacks.com/stock/news/2258788/deere-de-stock-moves--007-what-you-should-know,"In the most recent trading session, Deere (DE) closed at $400.32, indicating a -0.07% shift from the previous trading day.",www.zacks.com,0.098947,Neutral,DE,0.580956,0.107016,Neutral
2024-04-23 11:30:00,"KellyOCG Earns Recognition as a John Deere ""Partner-level Supplier"" - Kelly Services  ( NASDAQ:KELYB ) , Kelly Services  ( NASDAQ:KELYA ) ",https://www.benzinga.com/pressreleases/24/04/g38375810/kellyocg-earns-recognition-as-a-john-deere-partner-level-supplier,"TROY, Mich., April 23, 2024 ( GLOBE NEWSWIRE ) -- KellyOCG, the outsourcing and consulting group of Kelly KELYA KELYB ) ) ) , has earned recognition as a Partner-level supplier for 2023 in the John Deere Achieving Excellence Program. The Partner-level status is Deere & Company's highest supplier ...",www.benzinga.com,0.459414,Bullish,DE,0.259267,0.398413,Bullish
2024-04-23 14:15:00,"Digital Farming Market size worth $ 71.08 Billion, Globally, by 2031 at 14.25% CAGR - Report By Verified Market Research®",https://www.benzinga.com/pressreleases/24/04/g38381212/digital-farming-market-size-worth-71-08-billion-globally-by-2031-at-14-25-cagr-report-by-verified-,"Jersey City, New Jersey, April 23, 2024 ( GLOBE NEWSWIRE ) -- The Global Digital Farming Market is projected to grow at a CAGR of 14.25% from 2024 to 2031, according to a new report published by Verified Market Research®.",www.benzinga.com,0.315093,Somewhat-Bullish,DE,0.027958,0.076261,Neutral
2024-04-25 16:45:43,Deere's Options Frenzy: What You Need to Know - Deere  ( NYSE:DE ) ,https://www.benzinga.com/insights/options/24/04/38438551/deeres-options-frenzy-what-you-need-to-know,"Investors with a lot of money to spend have taken a bullish stance on Deere DE. We noticed this today when the trades showed up on publicly available options history that we track here at Benzinga. Whether these are institutions or just wealthy individuals, we don't know.",www.benzinga.com,0.170361,Somewhat-Bullish,DE,0.801457,0.264677,Somewhat-Bullish
2024-04-25 22:00:20,Deere  ( DE )  Stock Moves -0.14%: What You Should Know,https://www.zacks.com/stock/news/2262784/deere-de-stock-moves--014-what-you-should-know,"Deere (DE) concluded the recent trading session at $394.06, signifying a -0.14% move from its prior day's close.",www.zacks.com,0.115446,Neutral,DE,0.654859,0.193609,Somewhat-Bullish
2024-04-26 21:50:16,Deere  ( DE )  Stock Declines While Market Improves: Some Information for Investors,https://www.zacks.com/stock/news/2263654/deere-de-stock-declines-while-market-improves-some-information-for-investors,"Deere (DE) concluded the recent trading session at $393.33, signifying a -0.19% move from its prior day's close.",www.zacks.com,0.154323,Somewhat-Bullish,DE,0.537213,0.273133,Somewhat-Bullish
2024-04-29 10:20:04,Should You Invest in the VanEck Agribusiness ETF  ( MOO ) ?,https://www.zacks.com/stock/news/2263749/should-you-invest-in-the-vaneck-agribusiness-etf-moo,Sector ETF report for MOO ...,www.zacks.com,0.149731,Neutral,DE,0.142565,0.073749,Neutral
2024-04-29 12:50:09,Why Investors Need to Take Advantage of These 2 Industrial Products Stocks Now,https://www.zacks.com/stock/news/2263849/why-investors-need-to-take-advantage-of-these-2-industrial-products-stocks-now,The Zacks Earnings ESP is a great way to find potential earnings surprises. Why investors should take advantage now.,www.zacks.com,0.323118,Somewhat-Bullish,DE,0.306963,0.316189,Somewhat-Bullish
2024-04-30 13:00:11,Deere & Company  ( DE )  Is a Trending Stock: Facts to Know Before Betting on It,https://www.zacks.com/stock/news/2264798/deere-company-de-is-a-trending-stock-facts-to-know-before-betting-on-it,"Zacks.com users have recently been watching Deere (DE) quite a bit. Thus, it is worth knowing the facts that could determine the stock's prospects.",www.zacks.com,0.243871,Somewhat-Bullish,DE,0.491255,0.141392,Neutral
2024-05-02 11:45:09,CNH Industrial  ( CNHI )  Q1 Earnings and Revenues Surpass Estimates,https://www.zacks.com/stock/news/2266669/cnh-industrial-cnhi-q1-earnings-and-revenues-surpass-estimates,"CNH (CNHI) delivered earnings and revenue surprises of 26.92% and 3.77%, respectively, for the quarter ended March 2024. Do the numbers hold clues to what lies ahead for the stock?",www.zacks.com,0.157299,Somewhat-Bullish,DE,0.140076,0.0,Neutral
2024-05-02 16:10:09,Will Deere  ( DE )  Beat Estimates Again in Its Next Earnings Report?,https://www.zacks.com/stock/news/2267303/will-deere-de-beat-estimates-again-in-its-next-earnings-report,Deere (DE) has an impressive earnings surprise history and currently possesses the right combination of the two key ingredients for a likely beat in its next quarterly report.,www.zacks.com,0.339469,Somewhat-Bullish,DE,0.421485,0.539124,Bullish
2024-05-02 17:17:25,This Is What Whales Are Betting On Deere - Deere  ( NYSE:DE ) ,https://www.benzinga.com/insights/options/24/05/38592745/this-is-what-whales-are-betting-on-deere,"Deep-pocketed investors have adopted a bullish approach towards Deere DE, and it's something market players shouldn't ignore. Our tracking of public options records at Benzinga unveiled this significant move today.",www.benzinga.com,0.204658,Somewhat-Bullish,DE,0.777664,0.29139,Somewhat-Bullish
2024-05-03 21:50:11,Deere  ( DE )  Stock Moves 1.26%: What You Should Know,https://www.zacks.com/stock/news/2268303/deere-de-stock-moves-126-what-you-should-know,"In the latest trading session, Deere (DE) closed at $400.96, marking a +1.26% move from the previous day.",www.zacks.com,0.117284,Neutral,DE,0.538782,0.201801,Somewhat-Bullish
2024-05-05 18:44:00,Is Caterpillar Stock a Buy?,https://www.fool.com/investing/2024/05/05/is-caterpillar-stock-a-buy/,Here's a deep dive into Caterpillar after its most recent earnings report.,www.fool.com,0.208661,Somewhat-Bullish,DE,0.050254,-0.029898,Neutral
2024-05-06 15:17:00,"AGCO Corp  ( AGCO )  Tops Q1 Earnings Estimates, Lowers '24 View",https://www.zacks.com/stock/news/2268967/agco-corp-agco-tops-q1-earnings-estimates-lowers-24-view,AGCO Corp (AGCO) Q1 revenues fall year over year and miss estimates.,www.zacks.com,0.061638,Neutral,DE,0.116631,0.0,Neutral
2024-05-06 16:00:43,Here's How Much $100 Invested In Deere 5 Years Ago Would Be Worth Today - Deere  ( NYSE:DE ) ,https://www.benzinga.com/insights/news/24/05/38647861/heres-how-much-100-invested-in-deere-5-years-ago-would-be-worth-today,"Deere DE has outperformed the market over the past 5 years by 8.46% on an annualized basis producing an average annual return of 20.75%. Currently, Deere has a market capitalization of $112.73 billion.",www.benzinga.com,0.238974,Somewhat-Bullish,DE,0.95919,0.384695,Bullish
2024-05-09 14:00:07,Deere  ( DE )  Expected to Beat Earnings Estimates: What to Know Ahead of Q2 Release,https://www.zacks.com/stock/news/2271516/deere-de-expected-to-beat-earnings-estimates-what-to-know-ahead-of-q2-release,Deere (DE) possesses the right combination of the two key ingredients for a likely earnings beat in its upcoming report. Get prepared with the key expectations.,www.zacks.com,0.178004,Somewhat-Bullish,DE,0.300088,0.163615,Somewhat-Bullish
2024-05-09 21:50:04,Deere  ( DE )  Laps the Stock Market: Here's Why,https://www.zacks.com/stock/news/2271803/deere-de-laps-the-stock-market-heres-why,"Deere (DE) reachead $409 at the closing of the latest trading day, reflecting a +0.88% change compared to its last close.",www.zacks.com,0.133249,Neutral,DE,0.588876,0.231588,Somewhat-Bullish
2024-05-09 22:15:02,Research Solutions Inc.  ( RSSS )  Reports Break-Even Earnings for Q3,https://www.zacks.com/stock/news/2271823/research-solutions-inc-rsss-reports-break-even-earnings-for-q3,"Research Solutions (RSSS) delivered earnings and revenue surprises of -100% and 2.13%, respectively, for the quarter ended March 2024. Do the numbers hold clues to what lies ahead for the stock?",www.zacks.com,0.150592,Somewhat-Bullish,DE,0.136499,0.0,Neutral
2024-05-10 09:16:00,5 Metrics That Are Far More Important Than a Stock's Dividend Yield,https://www.fool.com/investing/2024/05/10/metrics-more-important-dividend-yield-buy-stock/,"When it comes to dividends, quality is more important than quantity.",www.fool.com,0.208085,Somewhat-Bullish,DE,0.095013,-0.021936,Neutral
2024-05-10 11:38:00,5 Large-Cap Stocks Likely to Gain on Earnings This Month,https://www.zacks.com/stock/news/2271983/5-large-cap-stocks-likely-to-gain-on-earnings-this-month,"We have narrowed our search to five large-cap stocks that are poised to beat on earnings results this month. These are: AZO, DE, AMAT, WMT, TJX.",www.zacks.com,0.332019,Somewhat-Bullish,DE,0.157227,0.230196,Somewhat-Bullish
2024-05-10 19:06:00,Looking At Deere's Recent Unusual Options Activity - Deere  ( NYSE:DE ) ,https://www.benzinga.com/insights/options/24/05/38768916/looking-at-deeres-recent-unusual-options-activity,"Financial giants have made a conspicuous bullish move on Deere. Our analysis of options history for Deere DE revealed 8 unusual trades. Delving into the details, we found 50% of traders were bullish, while 50% showed bearish tendencies.",www.benzinga.com,0.224199,Somewhat-Bullish,DE,0.804375,0.294956,Somewhat-Bullish
2024-05-10 21:44:00,"Walmart, Alibaba, JD.com Paint A Picture Of Online Retail",https://www.investors.com/research/investing-action-plan/investing-action-plan-walmart-alibaba-jd-com-paint-a-picture-of-online-retail/,"The Dow knocked out its forth straight weekly advance, including a run of eight straight up days through Friday. The Nasdaq and S&P 500 each notched their third up weeks in a row. IBD's Stock Market Exposure gauge sits at the 40% to 60% level, meaning investors should be easing their way back ...",www.investors.com,0.128717,Neutral,DE,0.095138,0.055315,Neutral
2024-05-10 22:41:00,Retail Earnings Loom: What to Expect,https://www.zacks.com/commentary/2272494/retail-earnings-loom-what-to-expect,"The bulk of the Q1 earnings season is now behind us, with results from 460 S&P 500 companies already out. Next week, retail takes the spotlight. What can investors expect?",www.zacks.com,0.123341,Neutral,DE,0.03448,0.0,Neutral
2024-05-13 10:27:00,"Walmart, Target, Home Depot and Amazon are part of Zacks Earnings Preview",https://www.zacks.com/stock/news/2272540/walmart-target-home-depot-and-amazon-are-part-of-zacks-earnings-preview,"Chicago, IL - May 13, 2024 - Zacks.com releases the list of companies likely to issue earnings surprises. This week's list includes Walmart ( WMT Quick QuoteWMT - ) , Target ( TGT Quick QuoteTGT - ) , Home Depot ( HD Quick QuoteHD - ) and Amazon ( AMZN Quick QuoteAMZN - ) .",www.zacks.com,0.12819,Neutral,DE,0.034933,0.0,Neutral
2024-05-13 13:15:08,Countdown to Deere  ( DE )  Q2 Earnings: Wall Street Forecasts for Key Metrics,https://www.zacks.com/stock/news/2272705/countdown-to-deere-de-q2-earnings-wall-street-forecasts-for-key-metrics,"Looking beyond Wall Street's top -and-bottom-line estimate forecasts for Deere (DE), delve into some of its key metrics to gain a deeper insight into the company's potential performance for the quarter ended April 2024.",www.zacks.com,0.122908,Neutral,DE,0.319725,0.02306,Neutral
2024-05-13 14:21:00,Big Inflation Prints on Deck This Week,https://www.zacks.com/stock/news/2272915/big-inflation-prints-on-deck-this-week,Consumer Price Index (CPI) numbers for April will be preceded by the Producer Price Index (PPI) wholesale report on Tuesday.,www.zacks.com,0.159859,Somewhat-Bullish,DE,0.165598,0.081041,Neutral
2024-05-13 15:07:00,Wall Street Awaits Economic Data,https://www.zacks.com/stock/news/2272946/wall-street-awaits-economic-data,"We have an important week for the markets on tap. Wednesday brings us Consumer Price Index ( CPI ) numbers for April, which will be preceded by the Producer Price Index ( PPI ) wholesale report on Tuesday. Expectations for both are to tick up 10 basis points ( bps ) month over month but to come ...",www.zacks.com,0.162247,Somewhat-Bullish,DE,0.169081,0.082197,Neutral
2024-05-14 13:00:00,Record Year of Giving Back Leads to 3x Honor,https://www.newswire.ca/news-releases/record-year-of-giving-back-leads-to-3x-honor-811950548.html,"John Deere Named to The Civic 50 - Again! MOLINE, Ill., May 14, 2024 /CNW/ -- Over the past year, John Deere ( NYSE: DE ) employees gave back in record-breaking numbers for community giving and volunteerism. And once again, their efforts are being recognized.",www.newswire.ca,0.41651,Bullish,DE,0.79006,0.649075,Bullish
2024-05-14 15:15:57,Unpacking the Latest Options Trading Trends in Deere - Deere  ( NYSE:DE ) ,https://www.benzinga.com/insights/options/24/05/38820690/unpacking-the-latest-options-trading-trends-in-deere,"Whales with a lot of money to spend have taken a noticeably bullish stance on Deere. Looking at options history for Deere DE we detected 9 trades. If we consider the specifics of each trade, it is accurate to state that 33% of the investors opened trades with bullish expectations and 11% with ...",www.benzinga.com,0.170378,Somewhat-Bullish,DE,0.781119,0.225102,Somewhat-Bullish
2024-05-14 15:39:00,Deere  ( DE )  to Report Q2 Earnings: What's in the Offing?,https://www.zacks.com/stock/news/2273716/deere-de-to-report-q2-earnings-whats-in-the-offing,"Deere's (DE) fiscal second-quarter results are likely to reflect lower volumes, offset by favorable price realization.",www.zacks.com,0.075567,Neutral,DE,0.407844,0.392079,Bullish
2024-05-14 23:45:00,This Week's 5 Must-See Earnings Surprise Charts,https://www.zacks.com/stock/news/2273804/this-weeks-5-must-see-earnings-surprise-charts,Which stocks should you be watching this week?,www.zacks.com,0.093264,Neutral,DE,0.283323,-0.096398,Neutral
2024-05-15 12:50:08,These 2 Industrial Products Stocks Could Beat Earnings: Why They Should Be on Your Radar,https://www.zacks.com/stock/news/2273941/these-2-industrial-products-stocks-could-beat-earnings-why-they-should-be-on-your-radar,Finding stocks expected to beat quarterly earnings estimates becomes an easier task with our Zacks Earnings ESP.,www.zacks.com,0.366545,Bullish,DE,0.378094,0.395768,Bullish
2024-05-16 06:17:55,Fear & Greed Index In 'Greed' Zone; S&P 500 Hits Record High After April Inflation Report - Walmart  ( NYSE:WMT ) ,https://www.benzinga.com/news/earnings/earnings-beats/24/05/38864588/fear-greed-index-in-greed-zone-s-p-500-hits-record-high-after-april-inflation-report,"The CNN Money Fear and Greed index showed further improvement in overall market sentiment, while the index remained in the ""Greed"" zone on Wednesday. U.S. stocks settled higher on Wednesday, with the S&P 500 surging to a record high level during the session.",www.benzinga.com,-0.084471,Neutral,DE,0.241684,0.0,Neutral
2024-05-16 06:18:05,"Walmart, Deere And 3 Stocks To Watch Heading Into Thursday - Walmart  ( NYSE:WMT ) ",https://www.benzinga.com/news/earnings/24/05/38864592/walmart-deere-and-3-stocks-to-watch-heading-into-thursday,"With U.S. stock futures trading higher this morning on Thursday, some of the stocks that may grab investor focus today are as follows: Wall Street expects Deere & Company DE to report quarterly earnings at $7.86 per share on revenue of $13.28 billion before the opening bell, according to data ...",www.benzinga.com,0.243391,Somewhat-Bullish,DE,0.44622,0.43131,Bullish
2024-05-16 10:20:00,Deere Reports Second Quarter Net Income of $2.370 Billion - Canada NewsWire,https://www.newswire.ca/news-releases/deere-reports-second-quarter-net-income-of-2-370-billion-879842176.html,Deere Reports Second Quarter Net Income of $2.370 Billion Canada ...,www.newswire.ca,0.147459,Neutral,DE,0.271685,0.109252,Neutral
2024-05-16 10:53:28,"S&P 500, Nasdaq Futures Signal Pause After Record Close: Walmart Earnings, Fed Speeches In Focus - Invesco QQQ Trust, Series 1  ( NASDAQ:QQQ ) , SPDR S&P 500  ( ARCA:SPY ) ",https://www.benzinga.com/news/earnings/24/05/38867971/wall-street-eyes-breather-after-record-run-as-walmart-earnings-fed-speakers-in-focus-analyst-banks-,"Stocks may take a breather after Wednesday's record run, fueled by a mild consumer price inflation report, with index futures holding relatively steady in early trading. However, traders might find some optimism in robust tech earnings.",www.benzinga.com,0.145023,Neutral,DE,0.120431,0.0,Neutral
2024-05-16 11:05:00,Cyngn Scales Up Commercialization of Autonomous Vehicle Solutions in First Quarter 2024,https://www.prnewswire.com/news-releases/cyngn-scales-up-commercialization-of-autonomous-vehicle-solutions-in-first-quarter-2024-302147277.html,"• Joined supply base and chosen to deploy DriveMod Tuggers to operation. • Launched our "" "" feature, enabling DriveMod Tuggers to drop off carts without requiring any human intervention.",www.prnewswire.com,0.298092,Somewhat-Bullish,DE,0.039483,0.22963,Somewhat-Bullish
2024-05-16 12:12:51,"Stocks making biggest moves premarket: Under Armour, Walmart, AMC, GameStop, Canada Goose and more",https://www.cnbc.com/2024/05/16/stocks-making-the-biggest-moves-premarket-uaa-wmt-gme-goos-and-more.html,These are some of the stocks posting the largest moves in premarket trading.,www.cnbc.com,0.175188,Somewhat-Bullish,DE,0.071784,-0.003038,Neutral
2024-05-16 12:32:00,Deere Q2 results top Street but it cuts 2024 profit outlook again as farmers buy fewer tractors,https://apnews.com/article/deere-farmer-inflation-7cf9c7adf1d4f2f05b995fced9eeef7b,"Deere's fiscal second-quarter results beat Wall Street's expectations, but the company lowered its full-year profit forecast for a second time as farmers buy fewer tractors and other equipment as they deal with declining prices for their crops.",apnews.com,0.143563,Neutral,DE,0.143415,0.192072,Somewhat-Bullish
2024-05-16 14:37:00,"Dow Hits 40,000 On Walmart Earnings; Warren Buffett Stock Soars",https://www.investors.com/market-trend/stock-market-today/stock-market-today-dow-jones-nasdaq-sp500-walmart-warren-buffett-stock-applied-materials/,Dow Flat Amid Walmart Earnings. Warren Buffett Stock Soars Investor's Business Daily ...,www.investors.com,0.237636,Somewhat-Bullish,DE,0.229691,0.143171,Neutral
2024-05-16 15:15:12,Deere  ( DE )  Q2 Earnings and Revenues Top Estimates,https://www.zacks.com/stock/news/2274887/deere-de-q2-earnings-and-revenues-top-estimates,"Deere (DE) delivered earnings and revenue surprises of 8.52% and 2.66%, respectively, for the quarter ended April 2024. Do the numbers hold clues to what lies ahead for the stock?",www.zacks.com,0.159217,Somewhat-Bullish,DE,0.396052,0.172643,Somewhat-Bullish
2024-05-16 15:35:45,Why Deere Stock Is Caught in the Headlights Today,https://www.fool.com/investing/2024/05/16/why-deere-stock-is-caught-in-the-headlights-today/,"The quarter was strong, but the outlook is uncertain.",www.fool.com,0.124969,Neutral,DE,0.691995,0.335373,Somewhat-Bullish
2024-05-16 16:13:00,"Deere  ( DE )  Q2 Earnings & Sales Top Estimates, '24 View Dips",https://www.zacks.com/stock/news/2275046/deere-de-q2-earnings-sales-top-estimates-24-view-dips,"Deere (DE) expects net income for fiscal 2024 to be $7 billion, down from the prior stated $7.50-$7.75 billion.",www.zacks.com,0.038086,Neutral,DE,0.410059,0.092318,Neutral
2024-05-16 18:37:13,Crude Oil Moves Higher; Deere Cuts Profit Outlook - Deere  ( NYSE:DE ) ,https://www.benzinga.com/news/earnings/24/05/38881350/crude-oil-moves-higher-deere-cuts-profit-outlook,"U.S. stocks traded mixed toward the end of trading, with the Nasdaq Composite falling around 0.1% on Thursday. The Dow traded up 0.01% to 39,912.06 while the NASDAQ fell 0.10% to 16,726.17. The S&P 500 also fell, dropping, 0.04% to 5,306.04. Consumer staples shares rose by 1.7% on Thursday.",www.benzinga.com,-0.004899,Neutral,DE,0.202366,0.161632,Somewhat-Bullish
2024-05-16 23:04:00,Should Investors Buy the Dip in Deere & Company's  ( DE )  Stock After Earnings?,https://www.zacks.com/stock/news/2275122/should-investors-buy-the-dip-in-deere-companys-de-stock-after-earnings,Investors may be wondering if it's time to buy the dip in Deere & Company's (DE) stock after beating top and bottom-line expectations for its fiscal second quarter but lowering its net income guidance.,www.zacks.com,0.16735,Somewhat-Bullish,DE,0.359447,-0.059299,Neutral
2024-05-17 06:31:44,"Investor Optimism Decreases Slightly After Economic Reports, US Stocks Settle Lower - H World Group  ( NASDAQ:HTHT ) ",https://www.benzinga.com/news/earnings/24/05/38888983/investor-optimism-decreases-slightly-after-economic-reports-us-stocks-settle-lower,"The CNN Money Fear and Greed index showed some decline in the overall market sentiment, but the index remained in the ""Greed"" zone on Thursday. U.S. stocks settled lower on Thursday, after the Dow Jones index briefly surged above the 40,000 mark for the first time.",www.benzinga.com,-0.168022,Somewhat-Bearish,DE,0.22595,0.542993,Bullish
2024-05-17 13:37:00,"Company News for May 17, 2024",https://www.zacks.com/stock/news/2275345/company-news-for-may-17-2024,"Companies in The News Are: WMT, GME, DE, PEP ...",www.zacks.com,0.250021,Somewhat-Bullish,DE,0.644033,0.344044,Somewhat-Bullish
2024-05-17 14:20:00,Stock Market Hits Highs On Cooling Inflation: Weekly Review,https://www.investors.com/news/stock-market-hits-highs-on-cooling-inflation-walmart-jumps/,"The stock market rally had impressive gains following tame inflation reports and cooling economic data, with the Dow Jones, S&P 500 and Nasdaq composite all hitting record highs. That, along with Wednesday's follow-through day, finally confirmed the rally attempt.",www.investors.com,0.113572,Neutral,DE,0.063425,-0.291709,Somewhat-Bearish
2024-05-17 19:15:41,"Should Investors Buy the Dip in Deere & Company's Stock After Earnings? - Deere  ( NYSE:DE ) , Caterpillar  ( NYSE:CAT ) ",https://www.benzinga.com/news/earnings/24/05/38887239/should-investors-buy-the-dip-in-deere-companys-stock-after-earnings,"Despite exceeding top and bottom line expectations for its fiscal second quarter this morning, Deere & Company's DE stock dropped -5% in Thursday's trading session after lowering its fiscal 2024 net income guidance.",www.benzinga.com,0.190728,Somewhat-Bullish,DE,0.337427,-0.059129,Neutral
2024-05-17 19:55:02,Should Investors Buy the Dip in Deere & Company's Stock After Earnings?,https://markets.businessinsider.com/news/stocks/should-investors-buy-the-dip-in-deere-company-s-stock-after-earnings-1033400637,"Despite exceeding top and bottom line expectations for its fiscal second quarter this morning, Deere & Company's ( NYSE:DE ) stock dropped -5% in Thursday's trading session after lowering its fiscal 2024 net income guidance.",markets.businessinsider.com,0.16739,Somewhat-Bullish,DE,0.093289,-0.06094,Neutral
2024-05-17 21:38:46,"Deere & Company Reports Falling Sales, Earnings in Fiscal Q2",https://www.fool.com/data-news/2024/05/17/deere-company-reports-falling-sales-earnings-in-fi/,The farm equipment giant's weaker results reflect challenging macroeconomic conditions for the agriculture industry.,www.fool.com,0.104153,Neutral,DE,0.50325,0.054896,Neutral
2024-05-19 10:30:00,Inside A Baby Berkshire Hathaway,https://www.forbes.com/sites/bobivry/2024/05/19/inside-a-baby-berkshire-hathaway/,"Thomas Gayner parlayed a stockbroker career into the top job at Virginia's $16 billion Markel Group, a specialty insurer with a penchant for investing in stocks and privately owned businesses. Meet Richmond's answer to the Oracle of Omaha. homas Gayner gets a kick out of telling the story.",www.forbes.com,0.116023,Neutral,DE,0.03453,0.066812,Neutral
2024-05-20 10:00:00,Is Deere Stock Fully Valued At $400?,https://www.forbes.com/sites/greatspeculations/2024/05/20/is-deere-stock-fully-valued-at-400/,"Deere ( NYSE: DE ) recently reported its Q2 fiscal 2024 results ( fiscal ends in October ) , with revenues and earnings exceeding the street estimates. The company reported equipment revenue of $13.6 billion and earnings of $8.53 per share, compared to the consensus estimates of $13.3 billion and ...",www.forbes.com,0.107636,Neutral,DE,0.662945,0.236183,Somewhat-Bullish
2024-05-20 13:00:11,Deere & Company  ( DE )  is Attracting Investor Attention: Here is What You Should Know,https://www.zacks.com/stock/news/2275907/deere-company-de-is-attracting-investor-attention-here-is-what-you-should-know,"Deere (DE) has received quite a bit of attention from Zacks.com users lately. Therefore, it is wise to be aware of the facts that can impact the stock's prospects.",www.zacks.com,0.224659,Somewhat-Bullish,DE,0.487546,0.092561,Neutral
2024-05-20 16:30:26,"If You Invested $100 In This Stock 5 Years Ago, You Would Have $300 Today - Deere  ( NYSE:DE ) ",https://www.benzinga.com/insights/news/24/05/38922657/if-you-invested-100-in-this-stock-5-years-ago-you-would-have-300-today,"Deere DE has outperformed the market over the past 5 years by 9.75% on an annualized basis producing an average annual return of 23.18%. Currently, Deere has a market capitalization of $109.69 billion.",www.benzinga.com,0.238974,Somewhat-Bullish,DE,0.95919,0.384695,Bullish
2024-05-21 10:30:00,The 145-Year-Old Giant Bringing Greener Hydrogen To The World,https://www.forbes.com/sites/baldwin/2024/05/21/the-145-year-old-giant-bringing-greener-hydrogen-to-the-world/,"Sanjiv Lamba, CEO of industrial gas producer Linde, serves both environmentalists and investors. Neither group has cause to complain. inde PLC puts the heavy in heavy industry. It furnishes industrial gases to the world's smokestacks: fertilizer plants, steel mills, glassworks, oil refineries.",www.forbes.com,0.094835,Neutral,DE,0.022881,0.120903,Neutral
2024-05-21 10:45:00,3 Growth Stocks That Could Continue Outperforming the Nasdaq-100,https://www.fool.com/investing/2024/05/21/3-growth-stock-could-continue-beat-nasdaq-100/,There are growth opportunities across every sector of the market if you know where to look.,www.fool.com,0.321898,Somewhat-Bullish,DE,0.437261,0.293013,Somewhat-Bullish
2024-05-23 16:31:36,Deere Options Trading: A Deep Dive into Market Sentiment - Deere  ( NYSE:DE ) ,https://www.benzinga.com/insights/options/24/05/38990496/deere-options-trading-a-deep-dive-into-market-sentiment,"Financial giants have made a conspicuous bullish move on Deere. Our analysis of options history for Deere DE revealed 14 unusual trades. Delving into the details, we found 57% of traders were bullish, while 35% showed bearish tendencies.",www.benzinga.com,0.21852,Somewhat-Bullish,DE,0.857297,0.294524,Somewhat-Bullish
2024-05-24 17:06:00,"Titan Machinery  ( TITN )  Misses on Q1 Earnings, Lowers FY25 View",https://www.zacks.com/stock/news/2278914/titan-machinery-titn-misses-on-q1-earnings-lowers-fy25-view,Titan Machinery (TITN) witnesses a decline in earnings in the first quarter of fiscal 2025 reflecting weak demand. Its FY25 guidance is down due to lower equipment margins.,www.zacks.com,0.04329,Neutral,DE,0.106857,0.020675,Neutral
2024-05-24 19:38:46,"Titan Machinery Misses on Q1 Earnings, Lowers FY25 View - Caterpillar  ( NYSE:CAT ) , AGCO  ( NYSE:AGCO ) ",https://www.benzinga.com/news/earnings/24/05/39012600/titan-machinery-misses-on-q1-earnings-lowers-fy25-view,"Titan Machinery Inc. TITN reported earnings per share of 41 cents in first-quarter fiscal 2025 ( ended Apr 30, 2024 ) , which missed the Zacks Consensus Estimate of 67 cents.",www.benzinga.com,0.05055,Neutral,DE,0.106384,0.021739,Neutral
2024-05-24 20:41:37,"Titan Machinery Misses on Q1 Earnings, Lowers FY25 View",https://markets.businessinsider.com/news/stocks/titan-machinery-misses-on-q1-earnings-lowers-fy25-view-1033421148,"Titan Machinery Inc. ( NASDAQ:TITN ) reported earnings per share of 41 cents in first-quarter fiscal 2025 ( ended Apr 30, 2024 ) , which missed the Zacks Consensus Estimate of 67 cents.",markets.businessinsider.com,0.036148,Neutral,DE,0.037446,0.002925,Neutral
2024-05-28 17:16:09,Deere Unusual Options Activity - Deere  ( NYSE:DE ) ,https://www.benzinga.com/insights/options/24/05/39044110/deere-unusual-options-activity,"Financial giants have made a conspicuous bearish move on Deere. Our analysis of options history for Deere DE revealed 9 unusual trades. Delving into the details, we found 33% of traders were bullish, while 55% showed bearish tendencies.",www.benzinga.com,0.128999,Neutral,DE,0.933751,0.159006,Somewhat-Bullish
2024-05-29 13:00:17,Deere & Company  ( DE )  Is a Trending Stock: Facts to Know Before Betting on It,https://www.zacks.com/stock/news/2280459/deere-company-de-is-a-trending-stock-facts-to-know-before-betting-on-it,"Deere (DE) has received quite a bit of attention from Zacks.com users lately. Therefore, it is wise to be aware of the facts that can impact the stock's prospects.",www.zacks.com,0.213003,Somewhat-Bullish,DE,0.482982,0.094843,Neutral
2024-05-29 13:30:00,DIGITAL AGRICULTURE MARKET POISED FOR EXPLOSIVE GROWTH,https://www.benzinga.com/pressreleases/24/05/g39063870/digital-agriculture-market-poised-for-explosive-growth,"Chicago, May 29, 2024 ( GLOBE NEWSWIRE ) -- The agricultural sector is on the cusp of a digital revolution. The digital agriculture market, which encompasses the use of advanced technologies to improve farm operations and optimize yields, is experiencing significant growth.",www.benzinga.com,0.375256,Bullish,DE,0.061631,0.0,Neutral
2024-05-30 16:30:24,Here's How Much You Would Have Made Owning Deere Stock In The Last 5 Years - Deere  ( NYSE:DE ) ,https://www.benzinga.com/insights/news/24/05/39092299/heres-how-much-you-would-have-made-owning-deere-stock-in-the-last-5-years,"Deere DE has outperformed the market over the past 5 years by 6.9% on an annualized basis producing an average annual return of 20.22%. Currently, Deere has a market capitalization of $101.18 billion.",www.benzinga.com,0.238974,Somewhat-Bullish,DE,0.95919,0.384695,Bullish
2024-06-03 16:00:00,John Deere Helps Increase Access to Higher Ed - Canada NewsWire,https://www.newswire.ca/news-releases/john-deere-helps-increase-access-to-higher-ed-815781315.html,John Deere Helps Increase Access to Higher Ed Canada ...,www.newswire.ca,0.249962,Somewhat-Bullish,DE,0.209365,0.261331,Somewhat-Bullish
2024-06-06 19:05:30,"Buying The Dip: Three 'Good' Stocks Are Near 52-Week Lows - Are They Worth It? - AGCO  ( NYSE:AGCO ) , Aker Carbon Capture  ( OTC:AKCCF ) ",https://www.benzinga.com/trading-ideas/long-ideas/24/06/39214297/buying-the-dip-three-good-stocks-are-near-52-week-lows-are-they-worth-it,"Schlumberger NV SLB, Agco Corp AGCO and Darling Ingredients Inc DAR are three American companies trading near 52-week lows. Benzinga's fundamental and technical ratings signal that the stocks are trading below their intrinsic value, check technical boxes and could outperform Wall Street ...",www.benzinga.com,0.242004,Somewhat-Bullish,DE,0.061315,-0.043094,Neutral
2024-06-07 15:46:41,A Closer Look at Deere's Options Market Dynamics - Deere  ( NYSE:DE ) ,https://www.benzinga.com/insights/options/24/06/39230705/a-closer-look-at-deeres-options-market-dynamics,"Financial giants have made a conspicuous bearish move on Deere. Our analysis of options history for Deere DE revealed 9 unusual trades. Delving into the details, we found 22% of traders were bullish, while 55% showed bearish tendencies.",www.benzinga.com,0.173419,Somewhat-Bullish,DE,0.898625,0.213797,Somewhat-Bullish
2024-06-07 22:15:00,"Mobile Crane Market size is set to grow by USD 10.00 billion from 2024-2028, Increased infrastructure-based ... - PR Newswire",https://www.prnewswire.com/news-releases/mobile-crane-market-size-is-set-to-grow-by-usd-10-00-billion-from-2024-2028--increased-infrastructure-based-development-to-boost-the-market-growth-technavio-302166571.html,"Mobile Crane Market size is set to grow by USD 10.00 billion from 2024-2028, Increased infrastructure-based ... PR ...",www.prnewswire.com,0.290291,Somewhat-Bullish,DE,0.035138,0.029455,Neutral
2024-06-10 13:00:15,Deere & Company  ( DE )  is Attracting Investor Attention: Here is What You Should Know,https://www.zacks.com/stock/news/2285844/deere-company-de-is-attracting-investor-attention-here-is-what-you-should-know,"Deere (DE) has been one of the stocks most watched by Zacks.com users lately. So, it is worth exploring what lies ahead for the stock.",www.zacks.com,0.213232,Somewhat-Bullish,DE,0.490323,0.095754,Neutral
2024-06-13 11:45:00,3 Blue Chip Dividend Stocks to Buy Hand Over Fist in June,https://www.fool.com/investing/2024/06/13/3-blue-chip-dividend-stocks-to-buy-hand-over-fist/,Softening market conditions have these dividend stocks sitting at attractive levels.,www.fool.com,0.171959,Somewhat-Bullish,DE,0.246832,0.063248,Neutral
2024-06-13 15:12:00,"Caterpillar  ( CAT )  Boosts Share Buyback Plan, Raises Dividend",https://www.zacks.com/stock/news/2288038/caterpillar-cat-boosts-share-buyback-plan-raises-dividend,"Caterpillar's (CAT) recent dividend hike, which highlights its solid financial position, boosts its dividend yield to 1.72%, thus surpassing the industry average.",www.zacks.com,0.298341,Somewhat-Bullish,DE,0.146618,0.14033,Neutral
2024-06-13 17:32:09,Deere's Options: A Look at What the Big Money is Thinking - Deere  ( NYSE:DE ) ,https://www.benzinga.com/insights/options/24/06/39318669/deeres-options-a-look-at-what-the-big-money-is-thinking,"Financial giants have made a conspicuous bearish move on Deere. Our analysis of options history for Deere DE revealed 10 unusual trades. Delving into the details, we found 40% of traders were bullish, while 50% showed bearish tendencies.",www.benzinga.com,0.178012,Somewhat-Bullish,DE,0.879672,0.159583,Somewhat-Bullish
2024-06-20 21:30:46,"$1000 Invested In This Stock 5 Years Ago Would Be Worth $2,300 Today - Deere  ( NYSE:DE ) ",https://www.benzinga.com/insights/news/24/06/39423742/1000-invested-in-this-stock-5-years-ago-would-be-worth-2-300-today,"Deere DE has outperformed the market over the past 5 years by 4.59% on an annualized basis producing an average annual return of 18.07%. Currently, Deere has a market capitalization of $105.14 billion.",www.benzinga.com,0.238974,Somewhat-Bullish,DE,0.95919,0.384695,Bullish
2024-06-21 13:00:15,Deere & Company  ( DE )  Is a Trending Stock: Facts to Know Before Betting on It,https://www.zacks.com/stock/news/2291357/deere-company-de-is-a-trending-stock-facts-to-know-before-betting-on-it,"Zacks.com users have recently been watching Deere (DE) quite a bit. Thus, it is worth knowing the facts that could determine the stock's prospects.",www.zacks.com,0.221848,Somewhat-Bullish,DE,0.482982,0.110048,Neutral
2024-06-24 14:31:21,Spotlight on Deere: Analyzing the Surge in Options Activity - Deere  ( NYSE:DE ) ,https://www.benzinga.com/insights/options/24/06/39458008/spotlight-on-deere-analyzing-the-surge-in-options-activity,"Investors with a lot of money to spend have taken a bullish stance on Deere DE. We noticed this today when the trades showed up on publicly available options history that we track here at Benzinga. Whether this is an institution or just a wealthy individual, we don't know.",www.benzinga.com,0.184257,Somewhat-Bullish,DE,0.809496,0.246803,Somewhat-Bullish
2024-06-24 21:45:21,Deere  ( DE )  Advances While Market Declines: Some Information for Investors,https://www.zacks.com/stock/news/2292477/deere-de-advances-while-market-declines-some-information-for-investors,"In the most recent trading session, Deere (DE) closed at $378.17, indicating a +0.83% shift from the previous trading day.",www.zacks.com,0.121594,Neutral,DE,0.601928,0.170973,Somewhat-Bullish
2024-06-26 13:35:21,"2024 Gayming Awards Winners: 'Thirsty Suitors', 'Baldur's Gate 3' Win Big",https://www.forbes.com/sites/mattgardner1/2024/06/26/2024-gayming-awards-winners-thirsty-suitors-baldurs-gate-3-win-big/,"Just when you thought its awards season domination was over, Baldur's Gate 3 has once again claimed the top awards at another ceremony, taking home Game of the Year, the Readers' Award, and another gong for Best LGBTQ Character at the 2024 Gayming Awards last night ( June 25 ) .",www.forbes.com,0.478536,Bullish,DE,0.090816,0.208563,Somewhat-Bullish
2024-06-28 16:09:00,"Lindsay  ( LNN )  Earnings Top Estimates in Q3, Revenues Dip Y/Y",https://www.zacks.com/stock/news/2295199/lindsay-lnn-earnings-top-estimates-in-q3-revenues-dip-yy,"Lindsay's (LNN) Q3 top line reflects the impacts of lower sales in the Irrigation segment, offset by higher sales in the Infrastructure segment.",www.zacks.com,0.073652,Neutral,DE,0.110462,0.0,Neutral
2024-06-28 19:01:57,What the Options Market Tells Us About Deere - Deere  ( NYSE:DE ) ,https://www.benzinga.com/insights/options/24/06/39556487/what-the-options-market-tells-us-about-deere,"Whales with a lot of money to spend have taken a noticeably bearish stance on Deere. Looking at options history for Deere DE we detected 12 trades. If we consider the specifics of each trade, it is accurate to state that 8% of the investors opened trades with bullish expectations and 50% with ...",www.benzinga.com,0.129265,Neutral,DE,0.721206,0.114409,Neutral
2024-06-28 19:49:56,"Lindsay Earnings Top Estimates in Q3, Revenues Dip Y/Y - AGCO  ( NYSE:AGCO ) , CNH Industrial  ( NYSE:CNH ) ",https://www.benzinga.com/news/earnings/24/06/39554495/lindsay-earnings-top-estimates-in-q3-revenues-dip-yy,"Lindsay Corporation LNN delivered adjusted earnings per share of $1.41 in third-quarter fiscal 2024 ( ended on May 31, 2024 ) , beating the Zacks Consensus Estimate of $1.25. The bottom line fell 8% year over year. Including an income tax credit of 44 cents per share, earnings per share in ...",www.benzinga.com,0.087999,Neutral,DE,0.109455,0.0,Neutral
2024-06-29 11:03:00,John Deere CEO puts 80-acre horse farm up for sale,https://www.foxbusiness.com/real-estate/john-deere-ceo-puts-80-acre-horse-farm-up-sale,"A large Illinois horse farm reportedly owned by John Deere CEO John May is up for sale. Realtor.com reported Wednesday the 80-acre property had hit the market and identified its current owner as the farm equipment company's chief executive. Its asking price has been set at $3.925 million, ...",www.foxbusiness.com,0.025726,Neutral,DE,0.25168,0.0,Neutral
2024-06-29 17:29:00,John Deere announces mass layoffs in Midwest amid production shift to Mexico,https://www.foxbusiness.com/economy/john-deere-announces-mass-layoffs-midwest-amid-production-shift-mexico,"John Deere, the world's largest seller of tractors and crop harvesters, has announced another wave of layoffs Friday, telling around 610 production staff at plants in Illinois and Iowa that they will be out of a job by the end of the summer, according to reports.",www.foxbusiness.com,0.052292,Neutral,DE,0.064797,0.043026,Neutral
2024-07-01 11:00:00,Jordan Spieth's Return Highlights 25th Playing Of John Deere Classic,https://www.forbes.com/sites/mikedojc/2024/07/01/jordan-spieths-return-highlights-25th-playing-of-john-deere-classic/,"The PGA Tour sets up shop in Silvis, Illinois this week for the 25th playing of the John Deere Classic under its current name which succeeded the Quad City Classics moniker.",www.forbes.com,0.286451,Somewhat-Bullish,DE,0.036926,0.056285,Neutral
2024-07-01 15:10:48,"Struggling with falling demand for farm equipment, Deere & Co. announces nearly 600 layoffs",https://apnews.com/article/john-deere-layoffs-agriculture-jobs-c7db7e8ed24cd2ecaf8343be3dec82d9,"Deere & Co. is laying off nearly 600 workers as the farm equipment manufacturer deals with declining demand. Deere confirmed Monday that the production positions being cut are concentrated at two factories in Iowa and one at its home base in Moline, Illinois, where 280 employees will be laid off ...",apnews.com,-0.009618,Neutral,DE,0.224903,-0.078659,Neutral
2024-07-02 15:40:00,Men's golf will have a good attendance record at the Paris Olympics,https://apnews.com/article/golf-olympics-cam-davis-british-open-richard-bland-3cf8a4647e3bc7502fedf62a7714ea3b,"The have come a long way in the 12 years since golf first returned to the program, mostly measured by attendance. Hardly anyone is staying home this year. Bernd Wiesberger was one of two eligible players who pulled out, and even that was curious.",apnews.com,0.122776,Neutral,DE,0.032916,0.107967,Neutral
2024-07-02 17:53:17,Netflix To Rally Over 13%? Here Are 10 Top Analyst Forecasts For Tuesday - Netflix  ( NASDAQ:NFLX ) ,https://www.benzinga.com/news/24/07/39603320/netflix-to-rally-over-13-here-are-10-top-analyst-forecasts-for-tuesday,"Top Wall Street analysts changed their outlook on these top names. For a complete view of all analyst rating changes, including upgrades and downgrades, please see our analyst ratings page. Piper Sandler raised the price target for Atlassian Corporation TEAM from $200 to $225.",www.benzinga.com,0.169921,Somewhat-Bullish,DE,0.23281,0.279503,Somewhat-Bullish
2024-07-02 18:02:00,Deere  ( DE )  Stock Falls 9.8% YTD: Should You Buy on the Dip?,https://www.zacks.com/stock/news/2296373/deere-de-stock-falls-98-ytd-should-you-buy-on-the-dip,"Deere's (DE) price performance is unimpressive so far this year, reflecting a weak demand outlook for agricultural equipment amid low commodity prices and farm income.",www.zacks.com,0.055744,Neutral,DE,0.307389,0.041331,Neutral
2024-07-03 16:31:21,Deere Unusual Options Activity - Deere  ( NYSE:DE ) ,https://www.benzinga.com/insights/options/24/07/39621220/deere-unusual-options-activity,"Deep-pocketed investors have adopted a bearish approach towards Deere DE, and it's something market players shouldn't ignore. Our tracking of public options records at Benzinga unveiled this significant move today.",www.benzinga.com,0.192084,Somewhat-Bullish,DE,0.775616,0.240245,Somewhat-Bullish
2024-07-04 16:00:00,USO and John Deere Join Forces To Support Those Who Serve - Canada NewsWire,https://www.newswire.ca/news-releases/uso-and-john-deere-join-forces-to-support-those-who-serve-880958006.html,USO and John Deere Join Forces To Support Those Who Serve Canada ...,www.newswire.ca,0.446085,Bullish,DE,0.220141,0.2535,Somewhat-Bullish
2024-07-08 12:15:00,I Have High Hopes for These 3 Dirt-Cheap Dividend Stocks in the Second Half of 2024  ( and Beyond ) ,https://www.fool.com/investing/2024/07/08/3-dirt-cheap-dividend-stocks-2024-buy-hold/,Loading up on passive-income opportunities at reasonable valuations can be a winning strategy for long-term investors.,www.fool.com,0.259518,Somewhat-Bullish,DE,0.249744,0.214789,Somewhat-Bullish
2024-07-08 12:29:00,4 Farm Equipment Stocks to Watch Amid Industry Challenges,https://www.zacks.com/commentary/2296584/4-farm-equipment-stocks-to-watch-amid-industry-challenges,"The Manufacturing - Farm Equipment industry is likely to bear the impact of low farm income in the near term. However, demand will eventually pick up, aided by growing demand for food. Companies like DE, KUBTY, AGCO and LNN are poised to gain.",www.zacks.com,0.267459,Somewhat-Bullish,DE,0.229149,0.260159,Somewhat-Bullish
2024-07-08 16:19:52,"4 Farm Equipment Stocks to Watch Amid Industry Challenges - Deere  ( NYSE:DE ) , AGCO  ( NYSE:AGCO ) ",https://www.benzinga.com/news/earnings/24/07/39667047/4-farm-equipment-stocks-to-watch-amid-industry-challenges,"Despite weak commodity prices and high costs adversely impacting the near-term outlook of the Zacks Manufacturing - Farm Equipment industry, it will gain from sustained demand for agricultural equipment required to feed a growing population.",www.benzinga.com,0.274333,Somewhat-Bullish,DE,0.228073,0.272727,Somewhat-Bullish
2024-07-09 09:00:00,"Zacks Industry Outlook Highlights Deere, Kubota, AGCO, Lindsay and CNH Industrial",https://www.zacks.com/stock/news/2298233/zacks-industry-outlook-highlights-deere-kubota-agco-lindsay-and-cnh-industrial,"Deere, Kubota, AGCO, Lindsay and CNH Industrial have been highlighted in this Industry Outlook article.",www.zacks.com,0.26958,Somewhat-Bullish,DE,0.243775,0.241802,Somewhat-Bullish
2024-07-10 19:31:32,$1000 Invested In Deere 5 Years Ago Would Be Worth This Much Today - Deere  ( NYSE:DE ) ,https://www.benzinga.com/insights/news/24/07/39717226/1000-invested-in-deere-5-years-ago-would-be-worth-this-much-today,"Deere DE has outperformed the market over the past 5 years by 2.7% on an annualized basis producing an average annual return of 16.02%. Currently, Deere has a market capitalization of $96.26 billion.",www.benzinga.com,0.238974,Somewhat-Bullish,DE,0.95919,0.384695,Bullish
2024-07-12 20:21:00,Stocks at 52-Week Lows: Values or Traps?,https://www.zacks.com/stock/news/2301158/stocks-at-52-week-lows-values-or-traps,Many investors like to look for deals among stocks hitting new lows but are there any?,www.zacks.com,0.129462,Neutral,DE,0.370602,0.043721,Neutral
2024-07-12 21:45:17,Deere  ( DE )  Laps the Stock Market: Here's Why,https://www.zacks.com/stock/news/2301181/deere-de-laps-the-stock-market-heres-why,"Deere (DE) reachead $365.33 at the closing of the latest trading day, reflecting a +1.03% change compared to its last close.",www.zacks.com,0.202668,Somewhat-Bullish,DE,0.641573,0.3391,Somewhat-Bullish
2024-07-15 10:08:00,"Zacks Value Investor Highlights: Nike, Deere & Company, Paycom Software, Etsy and Las Vegas Sands",https://www.zacks.com/stock/news/2301321/zacks-value-investor-highlights-nike-deere-company-paycom-software-etsy-and-las-vegas-sands,"have been highlighted in this Value Investor article Nike, Deere & Company, Paycom Software, Etsy and Las Vegas Sands ...",www.zacks.com,0.226585,Somewhat-Bullish,DE,0.201523,0.030232,Neutral
2024-07-16 10:30:00,3 Dividend Stocks That Have Outperformed the S&P 500 and Nasdaq Composite Over the Last 5 Years,https://www.fool.com/investing/2024/07/16/3-dividend-stocks-buy-sp-500-nasdaq-composite/,These industrial and materials stocks benefit from economic growth.,www.fool.com,0.315397,Somewhat-Bullish,DE,0.362329,0.400422,Bullish
2024-07-16 12:52:27,"Jim Cramer Says If You Sell This Chinese EV Stock Now, 'Some Clown' Will Be 'Real Positive about It,' Wait Until 'All That Stuff Happens' - Arista Networks  ( NYSE:ANET ) ",https://www.benzinga.com/analyst-ratings/analyst-color/24/07/39792248/jim-cramer-says-if-you-sell-this-chinese-ev-stock-now-some-clown-will-be-real-posit,"On CNBC's ""Mad Money Lightning Round,"" Jim Cramer recommended going for Arista Networks, Inc. ANET. ""Jayshree Ullal [President and CEO of Arista Networks] is an amazing businessperson, and I think it's a fantastic stock,"" he added.",www.benzinga.com,0.20202,Somewhat-Bullish,DE,0.514619,0.18678,Somewhat-Bullish
2024-07-16 13:00:15,Deere & Company  ( DE )  Is a Trending Stock: Facts to Know Before Betting on It,https://www.zacks.com/stock/news/2302321/deere-company-de-is-a-trending-stock-facts-to-know-before-betting-on-it,"Zacks.com users have recently been watching Deere (DE) quite a bit. Thus, it is worth knowing the facts that could determine the stock's prospects.",www.zacks.com,0.210979,Somewhat-Bullish,DE,0.482982,0.110104,Neutral
2024-07-16 13:30:12,Should You Invest in Deere  ( DE )  Based on Bullish Wall Street Views?,https://www.zacks.com/stock/news/2302413/should-you-invest-in-deere-de-based-on-bullish-wall-street-views,"According to the average brokerage recommendation (ABR), one should invest in Deere (DE). It is debatable whether this highly sought-after metric is effective because Wall Street analysts' recommendations tend to be overly optimistic. Would it be worth investing in the stock?",www.zacks.com,0.270766,Somewhat-Bullish,DE,0.358521,0.147794,Neutral
2024-07-18 21:45:20,Deere  ( DE )  Registers a Bigger Fall Than the Market: Important Facts to Note,https://www.zacks.com/stock/news/2304846/deere-de-registers-a-bigger-fall-than-the-market-important-facts-to-note,"Deere (DE) closed the most recent trading day at $380.64, moving -1.17% from the previous trading session.",www.zacks.com,0.129126,Neutral,DE,0.585687,0.100745,Neutral
2024-07-22 14:30:00,Digital Agriculture Market Emerging Trends & Global Industry Forecast - 2028,https://www.benzinga.com/pressreleases/24/07/g39885626/digital-agriculture-market-emerging-trends-global-industry-forecast-2028,"Chicago, July 22, 2024 ( GLOBE NEWSWIRE ) -- The digital agriculture market is forecasted to experience significant growth, estimated to escalate from USD 22.0 Billion in 2023 to USD 36.0 Billion by 2028, demonstrating a robust Compound Annual Growth Rate ( CAGR ) of 10.3% during the forecast ...",www.benzinga.com,0.371824,Bullish,DE,0.110209,0.132387,Neutral
2024-07-22 16:00:28,$1000 Invested In Deere 5 Years Ago Would Be Worth This Much Today - Deere  ( NYSE:DE ) ,https://www.benzinga.com/insights/news/24/07/39888540/1000-invested-in-deere-5-years-ago-would-be-worth-this-much-today,"Deere DE has outperformed the market over the past 5 years by 4.48% on an annualized basis producing an average annual return of 17.28%. Currently, Deere has a market capitalization of $104.11 billion.",www.benzinga.com,0.238974,Somewhat-Bullish,DE,0.95919,0.384695,Bullish
2024-07-24 21:45:20,Deere  ( DE )  Stock Moves -0.57%: What You Should Know,https://www.zacks.com/stock/news/2308279/deere-de-stock-moves--057-what-you-should-know,"In the most recent trading session, Deere (DE) closed at $369.39, indicating a -0.57% shift from the previous trading day.",www.zacks.com,0.175227,Somewhat-Bullish,DE,0.606946,0.209004,Somewhat-Bullish
2024-07-25 17:32:48,Smart Money Is Betting Big In Deere Options - Deere  ( NYSE:DE ) ,https://www.benzinga.com/insights/options/24/07/39966346/smart-money-is-betting-big-in-deere-options,"Investors with a lot of money to spend have taken a bullish stance on Deere DE. We noticed this today when the trades showed up on publicly available options history that we track here at Benzinga. Whether these are institutions or just wealthy individuals, we don't know.",www.benzinga.com,0.225085,Somewhat-Bullish,DE,0.748643,0.364949,Bullish
2024-07-26 14:00:00,"Heavy Construction Equipment Market Surges to USD 253.52 Billion by 2031, Propelled by 6.81% CAGR - Verified Market Research®",https://www.benzinga.com/pressreleases/24/07/g39985081/heavy-construction-equipment-market-surges-to-usd-253-52-billion-by-2031-propelled-by-6-81-cagr-ve,"Lewes, Delaware, July 26, 2024 ( GLOBE NEWSWIRE ) -- The Global Heavy Construction Equipment Market Size is projected to grow at a CAGR of 6.81% from 2024 to 2031, according to a new report published by Verified Market Research®.",www.benzinga.com,0.278358,Somewhat-Bullish,DE,0.031696,0.107386,Neutral
2024-07-26 16:46:04,This Is What Whales Are Betting On Deere - Deere  ( NYSE:DE ) ,https://www.benzinga.com/insights/options/24/07/39989515/this-is-what-whales-are-betting-on-deere,"Deep-pocketed investors have adopted a bullish approach towards Deere DE, and it's something market players shouldn't ignore. Our tracking of public options records at Benzinga unveiled this significant move today.",www.benzinga.com,0.188969,Somewhat-Bullish,DE,0.861522,0.37741,Bullish
2024-07-29 13:00:16,Deere & Company  ( DE )  is Attracting Investor Attention: Here is What You Should Know,https://www.zacks.com/stock/news/2310650/deere-company-de-is-attracting-investor-attention-here-is-what-you-should-know,"Deere (DE) has received quite a bit of attention from Zacks.com users lately. Therefore, it is wise to be aware of the facts that can impact the stock's prospects.",www.zacks.com,0.24881,Somewhat-Bullish,DE,0.488469,0.135269,Neutral
2024-07-30 12:45:04,Agco  ( AGCO )  Misses Q2 Earnings and Revenue Estimates,https://www.zacks.com/stock/news/2311647/agco-agco-misses-q2-earnings-and-revenue-estimates,"Agco (AGCO) delivered earnings and revenue surprises of -12.15% and 6.91%, respectively, for the quarter ended June 2024. Do the numbers hold clues to what lies ahead for the stock?",www.zacks.com,0.125852,Neutral,DE,0.139265,0.0,Neutral
2024-07-30 16:32:03,Unpacking the Latest Options Trading Trends in Deere - Deere  ( NYSE:DE ) ,https://www.benzinga.com/insights/options/24/07/40045278/unpacking-the-latest-options-trading-trends-in-deere,"Deep-pocketed investors have adopted a bearish approach towards Deere DE, and it's something market players shouldn't ignore. Our tracking of public options records at Benzinga unveiled this significant move today.",www.benzinga.com,0.220883,Somewhat-Bullish,DE,0.831224,0.295212,Somewhat-Bullish
2024-07-30 21:45:21,Deere  ( DE )  Declines More Than Market: Some Information for Investors,https://www.zacks.com/stock/news/2312392/deere-de-declines-more-than-market-some-information-for-investors,"Deere (DE) reachead $371.77 at the closing of the latest trading day, reflecting a -1.33% change compared to its last close.",www.zacks.com,0.161352,Somewhat-Bullish,DE,0.638317,0.108989,Neutral
2024-07-31 12:35:03,CNH Industrial  ( CNH )  Matches Q2 Earnings Estimates,https://www.zacks.com/stock/news/2312734/cnh-industrial-cnh-matches-q2-earnings-estimates,"CNH (CNH) delivered earnings and revenue surprises of 0% and 2.72%, respectively, for the quarter ended June 2024. Do the numbers hold clues to what lies ahead for the stock?",www.zacks.com,0.132195,Neutral,DE,0.14131,0.0,Neutral
2024-07-31 16:37:00,"AGCO Corp  ( AGCO )  Misses Q2 Earnings Estimates, Lowers '24 View",https://www.zacks.com/stock/news/2313401/agco-corp-agco-misses-q2-earnings-estimates-lowers-24-view,"AGCO Corp (AGCO) expects an adjusted EPS of $8.00 for 2024, down from the previously stated $12.00.",www.zacks.com,-0.052488,Neutral,DE,0.103778,0.0,Neutral
2024-08-01 13:30:11,Wall Street Analysts See Deere  ( DE )  as a Buy: Should You Invest?,https://www.zacks.com/stock/news/2314138/wall-street-analysts-see-deere-de-as-a-buy-should-you-invest,"According to the average brokerage recommendation (ABR), one should invest in Deere (DE). It is debatable whether this highly sought-after metric is effective because Wall Street analysts' recommendations tend to be overly optimistic. Would it be worth investing in the stock?",www.zacks.com,0.294252,Somewhat-Bullish,DE,0.364529,0.184147,Somewhat-Bullish
2024-08-01 19:02:07,"August Heat Wave Grips US: 12 Stocks To Watch As Blistering Temperatures Affect Nearly 150 Million Americans - AGCO  ( NYSE:AGCO ) , Black Hills  ( NYSE:BKH ) ",https://www.benzinga.com/markets/equities/24/08/40112086/august-heat-wave-grips-us-12-stocks-to-watch-as-blistering-temperatures-affect-nearly-150-millio,"A heat wave is set to sweep across several regions of the United States as 2024 shapes up to be one of the hottest years on record. The Forecast: Nearly 150 million Americans are under heat warnings or watches on Thursday, per the National Weather Service.",www.benzinga.com,0.007311,Neutral,DE,0.167904,0.0527,Neutral
2024-08-02 20:26:00,Earnings Season: 3 Key Quarterly Reports to Watch,https://www.zacks.com/stock/news/2315593/earnings-season-3-key-quarterly-reports-to-watch,"We continue to wade through the critical Q2 earnings cycle, whose results overall have been positive so far. Next week, we'll hear from several large-cap favorites.",www.zacks.com,0.215091,Somewhat-Bullish,DE,0.31482,-0.040908,Neutral
2024-08-05 12:50:05,Why Investors Need to Take Advantage of These 2 Industrial Products Stocks Now,https://www.zacks.com/stock/news/2315789/why-investors-need-to-take-advantage-of-these-2-industrial-products-stocks-now,Why investors should use the Zacks Earnings ESP tool to help find stocks that are poised to top quarterly earnings estimates.,www.zacks.com,0.389835,Bullish,DE,0.373378,0.333533,Somewhat-Bullish
2024-08-05 14:00:00,"The Rise of Agriculture Analytics Market: A $2.5 billion Industry Dominated by Tech Giants - Deere & Company, Bayer Ag and IBM| MarketsandMarkets™",https://www.benzinga.com/pressreleases/24/08/g40161414/the-rise-of-agriculture-analytics-market-a-2-5-billion-industry-dominated-by-tech-giants-deere-com,"Chicago, Aug. 05, 2024 ( GLOBE NEWSWIRE ) -- The global Agriculture Analytics Market size is expected to grow from USD 1.4 billion in 2023 to USD 2.5 billion by 2028, at a Compound Annual Growth Rate ( CAGR ) of 13.1%, according to a new report by MarketsandMarkets™.",www.benzinga.com,0.256199,Somewhat-Bullish,DE,0.079392,0.0,Neutral
2024-08-05 15:51:00,Griffon  ( GFF )  Gears Up to Report Q3 Earnings: What to Expect,https://www.zacks.com/stock/news/2316273/griffon-gff-gears-up-to-report-q3-earnings-what-to-expect,"Griffon's (GFF) fiscal third-quarter results are likely to gain from strength in the HBP segment. However, high restructuring costs are likely to have dented its bottom line.",www.zacks.com,0.16599,Somewhat-Bullish,DE,0.124486,0.0,Neutral
2024-08-05 16:10:05,Will Deere  ( DE )  Beat Estimates Again in Its Next Earnings Report?,https://www.zacks.com/stock/news/2316310/will-deere-de-beat-estimates-again-in-its-next-earnings-report,Deere (DE) has an impressive earnings surprise history and currently possesses the right combination of the two key ingredients for a likely beat in its next quarterly report.,www.zacks.com,0.294801,Somewhat-Bullish,DE,0.407844,0.426967,Bullish
2024-08-05 16:39:00,Clear Secure  ( YOU )  to Report Q2 Earnings: What to Expect,https://www.zacks.com/stock/news/2316332/clear-secure-you-to-report-q2-earnings-what-to-expect,"Clear Secure's (YOU) second-quarter 2024 results are likely to gain from new member enrollments, pricing increases and strong retention of existing members.",www.zacks.com,0.37115,Bullish,DE,0.125789,0.0,Neutral
2024-08-05 20:18:18,"Griffon Gears Up to Report Q3 Earnings: What to Expect - Atkore  ( NYSE:ATKR ) , Deere  ( NYSE:DE ) ",https://www.benzinga.com/news/earnings/24/08/40167035/griffon-gears-up-to-report-q3-earnings-what-to-expect,"Griffon Corporation GFF is expected to release third-quarter fiscal 2024 ( ended Jun 30, 2024 ) results on Aug 7, before market open. The company's earnings beat estimates in each of the trailing four quarters, delivering an average earnings surprise of 33.5%.",www.benzinga.com,0.175612,Somewhat-Bullish,DE,0.128135,0.0,Neutral
2024-08-06 15:31:43,Market Whales and Their Recent Bets on Deere Options - Deere  ( NYSE:DE ) ,https://www.benzinga.com/insights/options/24/08/40194507/market-whales-and-their-recent-bets-on-deere-options,"Investors with a lot of money to spend have taken a bullish stance on Deere DE. We noticed this today when the trades showed up on publicly available options history that we track here at Benzinga. Whether this is an institution or just a wealthy individual, we don't know.",www.benzinga.com,0.193052,Somewhat-Bullish,DE,0.828712,0.330368,Somewhat-Bullish
2024-08-06 21:45:22,Deere  ( DE )  Rises Yet Lags Behind Market: Some Facts Worth Knowing,https://www.zacks.com/stock/news/2317385/deere-de-rises-yet-lags-behind-market-some-facts-worth-knowing,"The latest trading day saw Deere (DE) settling at $346.06, representing a +0.35% change from its previous close.",www.zacks.com,0.142429,Neutral,DE,0.52949,0.29418,Somewhat-Bullish
2024-08-07 15:33:49,"Warren Buffett's Approach To Investing In Election Years - Apple  ( NASDAQ:AAPL ) , AbbVie  ( NYSE:ABBV ) ",https://www.benzinga.com/general/education/24/08/40225783/warren-buffetts-approach-to-investing-in-election-years,"Warren Buffett, known as the ""Oracle of Omaha,"" is regarded as one of the best American investors of all time. Still running the Berkshire Hathaway BRK BRK at 93 years old, Buffett has navigated his portfolio through various bull markets, downturns and election cycles.",www.benzinga.com,0.226374,Somewhat-Bullish,DE,0.160099,0.077779,Neutral
2024-08-08 14:00:08,Deere  ( DE )  Expected to Beat Earnings Estimates: What to Know Ahead of Q3 Release,https://www.zacks.com/stock/news/2319267/deere-de-expected-to-beat-earnings-estimates-what-to-know-ahead-of-q3-release,Deere (DE) possesses the right combination of the two key ingredients for a likely earnings beat in its upcoming report. Get prepared with the key expectations.,www.zacks.com,0.168462,Somewhat-Bullish,DE,0.301933,0.157904,Somewhat-Bullish
2024-08-08 21:45:07,"Century Aluminum  ( CENX )  Reports Q2 Loss, Tops Revenue Estimates",https://www.zacks.com/stock/news/2319549/century-aluminum-cenx-reports-q2-loss-tops-revenue-estimates,"Century (CENX) delivered earnings and revenue surprises of -250% and 5.63%, respectively, for the quarter ended June 2024. Do the numbers hold clues to what lies ahead for the stock?",www.zacks.com,0.141914,Neutral,DE,0.137671,0.0,Neutral
2024-08-09 13:00:18,Deere & Company  ( DE )  Is a Trending Stock: Facts to Know Before Betting on It,https://www.zacks.com/stock/news/2319841/deere-company-de-is-a-trending-stock-facts-to-know-before-betting-on-it,"Deere (DE) has received quite a bit of attention from Zacks.com users lately. Therefore, it is wise to be aware of the facts that can impact the stock's prospects.",www.zacks.com,0.215577,Somewhat-Bullish,DE,0.484798,0.092232,Neutral
2024-08-09 14:30:22,Here's How Much $100 Invested In Deere 5 Years Ago Would Be Worth Today - Deere  ( NYSE:DE ) ,https://www.benzinga.com/insights/news/24/08/40286355/heres-how-much-100-invested-in-deere-5-years-ago-would-be-worth-today,"Deere DE has outperformed the market over the past 5 years by 5.95% on an annualized basis producing an average annual return of 18.63%. Currently, Deere has a market capitalization of $95.28 billion.",www.benzinga.com,0.238974,Somewhat-Bullish,DE,0.95919,0.384695,Bullish
2024-08-09 16:15:00,Broadwind  ( BWEN )  Gears Up to Report Q2 Earnings: What to Expect,https://www.zacks.com/stock/news/2320233/broadwind-bwen-gears-up-to-report-q2-earnings-what-to-expect,Broadwind's (BWEN) second-quarter 2024 results are likely to gain from increased gas turbine projects and rising shipments of new and aftermarket gas turbine content.,www.zacks.com,0.215005,Somewhat-Bullish,DE,0.125789,0.0,Neutral
2024-08-09 19:50:28,"Broadwind Gears Up to Report Q2 Earnings: What to Expect - Broadwind  ( NASDAQ:BWEN ) , Crown Holdings  ( NYSE:CCK ) ",https://www.benzinga.com/news/earnings/24/08/40291753/broadwind-gears-up-to-report-q2-earnings-what-to-expect,"Broadwind, Inc. BWEN is expected to release second-quarter 2024 results on Aug 13, after market close. The company's earnings beat estimates in each of the trailing four quarters, delivering an average earnings surprise of 95.5%.",www.benzinga.com,0.226782,Somewhat-Bullish,DE,0.129516,0.0,Neutral
2024-08-09 22:33:00,Retail Earnings Loom: A Preview,https://www.zacks.com/commentary/2320328/retail-earnings-loom-a-preview,"Many notable retail companies report quarterly results next week, a list that includes Walmart and Home Depot. What can investors expect?",www.zacks.com,0.073802,Neutral,DE,0.024546,0.0,Neutral
2024-08-12 12:41:00,"Walmart, Home Depot, Target and Amazon are part of Zacks Earnings Preview",https://www.zacks.com/stock/news/2320676/walmart-home-depot-target-and-amazon-are-part-of-zacks-earnings-preview,"Walmart, Home Depot, Target and Amazon are highlights of Zacks Earnings Preview article.",www.zacks.com,0.080834,Neutral,DE,0.023102,0.0,Neutral
2024-08-12 13:15:08,Deere  ( DE )  Q3 Earnings Preview: What You Should Know Beyond the Headline Estimates,https://www.zacks.com/stock/news/2320564/deere-de-q3-earnings-preview-what-you-should-know-beyond-the-headline-estimates,"Beyond analysts' top -and-bottom-line estimates for Deere (DE), evaluate projections for some of its key metrics to gain a better insight into how the business might have performed for the quarter ended July 2024.",www.zacks.com,0.131793,Neutral,DE,0.318897,0.106903,Neutral
2024-08-13 02:50:00,This Week's Must-See Earnings Charts,https://www.zacks.com/stock/news/2320998/this-weeks-must-see-earnings-charts,Retailers like Walmart and equipment giant Deere & Co. are on tap this week.,www.zacks.com,0.134921,Neutral,DE,0.427184,0.0,Neutral
2024-08-13 16:58:00,"Should You Buy, Sell or Hold Deere  ( DE )  Ahead of Q3 Earnings?",https://www.zacks.com/stock/news/2321587/should-you-buy-sell-or-hold-deere-de-ahead-of-q3-earnings,Deere's (DE) third-quarter fiscal 2024 results are likely to reflect lower volumes on weak demand in the agricultural industry.,www.zacks.com,0.021817,Neutral,DE,0.334762,0.024571,Neutral
2024-08-14 18:58:31,Deere Strong Outlook Expected Despite Risks: Goldman Sachs Weighs In Ahead Of Thursday Earnings - Deere  ( NYSE:DE ) ,https://www.benzinga.com/analyst-ratings/analyst-color/24/08/40376715/deere-strong-outlook-expected-despite-risks-goldman-sachs-weighs-in-ahead-of-thursd,"As Deere & Co DE prepares to release its third-quarter earnings report before the market opens on Thursday, analyst Jerry Revich and team at Goldman Sachs are focusing on the potential risks facing the company's captive finance business in a challenging environment for farmer incomes.",www.benzinga.com,0.18601,Somewhat-Bullish,DE,0.425746,0.246051,Somewhat-Bullish
2024-08-15 05:20:57,Deere Earnings Are Imminent; Here Are The Recent Forecast Changes From Wall Street's Most Accurate Analysts - Deere  ( NYSE:DE ) ,https://www.benzinga.com/news/earnings/24/08/40386343/deere-earnings-are-imminent-here-are-the-recent-forecast-changes-from-wall-streets-most-accurate-an,"Deere & Company DE is set to release earnings results for its third quarter, before the opening bell on Aug. 15, 2024. Analysts expect the Moline, Illinois-based company to report quarterly earnings at $5.69 per share, down from $10.2 per share in the year-ago period.",www.benzinga.com,0.120384,Neutral,DE,0.636698,0.219866,Somewhat-Bullish
2024-08-15 05:31:05,"Walmart, Alibaba And Other 3 Stocks To Watch Heading Into Thursday - Walmart  ( NYSE:WMT ) ",https://www.benzinga.com/news/earnings/24/08/40386391/walmart-alibaba-and-other-3-stocks-to-watch-heading-into-thursday,"With U.S. stock futures trading higher this morning on Thursday, some of the stocks that may grab investor focus today are as follows: Wall Street expects Walmart Inc. WMT to report quarterly earnings at $0.64 per share on revenue of $168.57 billion before the opening bell, according to data from ...",www.benzinga.com,0.356558,Bullish,DE,0.416844,0.520568,Bullish
2024-08-15 06:46:54,"S&P 500, Dow Jones Gain For 5th Straight Session Following Inflation Report: Greed Index Remains In 'Fear' Zone - Performance Food Gr  ( NYSE:PFGC ) ",https://www.benzinga.com/news/earnings/24/08/40387112/s-p-500-dow-jones-gain-for-5th-straight-session-following-inflation-report-greed-index-remains-in-f,"The CNN Money Fear and Greed index showed some improvement in the overall market sentiment, while the index remained in the ""Fear"" zone on Wednesday. U.S. stocks settled higher on Wednesday, with the S&P 500 recording gains for the fifth straight session following the release of inflation data.",www.benzinga.com,-0.056311,Neutral,DE,0.222838,-0.199699,Somewhat-Bearish
2024-08-15 11:20:02,Deere  ( DE )  Q3 Earnings and Revenues Surpass Estimates,https://www.zacks.com/stock/news/2322397/deere-de-q3-earnings-and-revenues-surpass-estimates,"Deere (DE) delivered earnings and revenue surprises of 8.45% and 4.73%, respectively, for the quarter ended July 2024. Do the numbers hold clues to what lies ahead for the stock?",www.zacks.com,0.164157,Somewhat-Bullish,DE,0.400265,0.145579,Neutral
2024-08-15 11:29:22,"Nasdaq, S&P 500 Futures Rise Modestly, But Investor Sentiment Remains Cautious - Invesco QQQ Trust, Series 1  ( NASDAQ:QQQ ) , SPDR S&P 500  ( ARCA:SPY ) ",https://www.benzinga.com/news/earnings/24/08/40391260/s-p-500-eyes-6th-straight-win-but-investor-sentiment-remains-cautious-ahead-of-data-deluge-walmart-,"U.S. stocks are on track for a modestly higher start on Thursday, with the S&P 500 looking to extend the winning streak to six sessions. The ultimate trading direction of the day could hinge on a slew of key data, due for the day, pertaining to the job market, consumer spending and manufacturing ...",www.benzinga.com,0.090639,Neutral,DE,0.082251,-0.088756,Neutral
2024-08-15 12:23:40,"Deere Q3 Earnings: Profit Beats Expectations Despite Sales Drop, Reaffirms Annual Net Income Outlook - Deere  ( NYSE:DE ) ",https://www.benzinga.com/news/earnings/24/08/40393005/deere-q3-earnings-profit-beats-expectations-despite-sales-drop-reaffirms-annual-net-income-outlook,"Deere & Co DE shares are trading higher after the company reported third-quarter results and reaffirmed its net income 2024 outlook. The company's net sales and revenue declined 17% year-over-year to $13.152 billion, beating the consensus of $10.944 billion.",www.benzinga.com,-0.024112,Neutral,DE,0.578948,0.051863,Neutral
2024-08-15 13:03:00,"Even Though It's Down 20% in the Last Year, I Have High Hopes for This Dividend Stock Over the Next 5 Years",https://www.fool.com/investing/2024/08/15/deere-dividend-stock-sell-off-buy-value-stock/,Deere stock has become too cheap to ignore.,www.fool.com,0.228637,Somewhat-Bullish,DE,0.643109,0.447975,Bullish
2024-08-15 13:53:00,"Deere  ( DE )  Q3 Earnings Top Estimates, Fall Y/Y on Low Volumes",https://www.zacks.com/stock/news/2322607/deere-de-q3-earnings-top-estimates-fall-yy-on-low-volumes,"Deere (DE) expects net income for fiscal 2024 to be $7 billion, which implies a year-over-year decline of 31%, anticipating weak demand in its end markets.",www.zacks.com,-0.026367,Neutral,DE,0.388879,0.037609,Neutral
2024-08-15 17:04:31,"Wall Street Eyes Sixth Positive Session On Upbeat Economic Data, Bonds Fall As Traders Lose Conviction In Large Rate Cuts - AST SpaceMobile  ( NASDAQ:ASTS ) ",https://www.benzinga.com/markets/equities/24/08/40401536/wall-street-eyes-sixth-positive-session-on-upbeat-economic-data-bonds-fall-as-traders-lose-convi,"Thursday saw one of the most pronounced risk-on sessions in Wall Street's rebound from the selloff earlier in the month, as investors cheered the latest economic data, suggesting that earlier recession fears were likely overblown.",www.benzinga.com,0.173083,Somewhat-Bullish,DE,0.146469,-0.05986,Neutral
2024-08-15 17:38:00,"Top Analyst Reports for Booking, Palo Alto Networks & Deere",https://www.zacks.com/research-daily/2322069/top-analyst-reports-for-booking-palo-alto-networks-deere,"Today's Research Daily features new research reports on 16 major stocks, including Booking Holdings Inc. (BKNG), Palo Alto Networks, Inc. (PANW) and Deere & Company (DE), as well a micro-cap stock FONAR Corporation (FONR).",www.zacks.com,0.252861,Somewhat-Bullish,DE,0.13347,-0.143004,Neutral
2024-08-15 19:25:26,Deere Reports Q3 Earnings: What Key Metrics Have to Say - Deere  ( NYSE:DE ) ,https://www.benzinga.com/news/earnings/24/08/40398447/deere-reports-q3-earnings-what-key-metrics-have-to-say,"For the quarter ended July 2024, Deere DE reported revenue of $11.39 billion, down 20.3% over the same period last year. EPS came in at $6.29, compared to $10.20 in the year-ago quarter. The reported revenue represents a surprise of +4.73% over the Zacks Consensus Estimate of $10.87 billion.",www.benzinga.com,0.168013,Somewhat-Bullish,DE,0.302243,0.045166,Neutral
2024-08-16 11:51:24,Alibaba To Rally Around 11%? Here Are 10 Top Analyst Forecasts For Friday - Alibaba Gr Hldgs  ( NYSE:BABA ) ,https://www.benzinga.com/news/24/08/40414749/alibaba-to-rally-around-11-here-are-10-top-analyst-forecasts-for-friday,"Top Wall Street analysts changed their outlook on these top names. For a complete view of all analyst rating changes, including upgrades and downgrades, please see our analyst ratings page. Piper Sandler raised the price target for Globant S.A. GLOB from $238 to $240.",www.benzinga.com,0.258706,Somewhat-Bullish,DE,0.233556,0.14093,Neutral
2024-08-16 13:13:53,These Analysts Boost Their Forecasts On Deere Following Upbeat Earnings - Deere  ( NYSE:DE ) ,https://www.benzinga.com/news/earnings/24/08/40416800/these-analysts-boost-their-forecasts-on-deere-following-upbeat-earnings,"Deere & Co DE reported better-than-expected third-quarter results and reaffirmed its net income 2024 outlook on Thursday. The company's net sales and revenue declined 17% year-over-year to $13.152 billion, beating the consensus of $10.944 billion.",www.benzinga.com,0.050557,Neutral,DE,0.931897,0.004286,Neutral
2024-08-16 13:32:00,"Company News for Aug 16, 2024",https://www.zacks.com/stock/news/2322978/company-news-for-aug-16-2024,Companies in The News Are: ...,www.zacks.com,0.376259,Bullish,DE,0.552443,0.528456,Bullish
2024-08-16 15:14:00,"The Zacks Analyst Blog Highlights Booking Holdings, Palo Alto Networks, Deere and FONAR",https://www.zacks.com/stock/news/2323300/the-zacks-analyst-blog-highlights-booking-holdings-palo-alto-networks-deere-and-fonar,"Booking Holdings, Palo Alto Networks, Deere and FONAR are part of the Zacks top Analyst Blog.",www.zacks.com,0.225431,Somewhat-Bullish,DE,0.256179,-0.056363,Neutral
2024-08-16 19:16:43,Market Whales and Their Recent Bets on Deere Options - Deere  ( NYSE:DE ) ,https://www.benzinga.com/insights/options/24/08/40424085/market-whales-and-their-recent-bets-on-deere-options,"Investors with a lot of money to spend have taken a bullish stance on Deere DE. We noticed this today when the trades showed up on publicly available options history that we track here at Benzinga. Whether these are institutions or just wealthy individuals, we don't know.",www.benzinga.com,0.160771,Somewhat-Bullish,DE,0.843204,0.280729,Somewhat-Bullish
2024-08-18 12:20:00,"Despite Excellent Results, This Magnificent Dividend Stock Is Hovering Around a Two-Year Low. Here's Why It Has Become Too Cheap to Ignore.",https://www.fool.com/investing/2024/08/18/despite-excellent-results-this-magnificent-dividen/,Deere is a cyclical stock worth holding through market cycles.,www.fool.com,0.19428,Somewhat-Bullish,DE,0.873432,0.315331,Somewhat-Bullish
2024-08-19 17:00:19,"If You Invested $100 In This Stock 5 Years Ago, You Would Have $200 Today - Deere  ( NYSE:DE ) ",https://www.benzinga.com/insights/news/24/08/40445354/if-you-invested-100-in-this-stock-5-years-ago-you-would-have-200-today,"Deere DE has outperformed the market over the past 5 years by 6.16% on an annualized basis producing an average annual return of 20.51%. Currently, Deere has a market capitalization of $102.98 billion.",www.benzinga.com,0.238974,Somewhat-Bullish,DE,0.95919,0.384695,Bullish
2024-08-19 18:00:09,Deere & Company Can Set New Highs This Year - Deere  ( NYSE:DE ) ,https://www.benzinga.com/news/earnings/24/08/40430487/deere-company-can-set-new-highs-this-year,"As murky as the outlook for farming and construction equipment is, Deere & Company's DE operational quality and capital return have its stock price on track to hit a fresh high soon.",www.benzinga.com,0.114355,Neutral,DE,0.360752,0.190656,Somewhat-Bullish
2024-08-20 13:00:17,Deere & Company  ( DE )  is Attracting Investor Attention: Here is What You Should Know,https://www.zacks.com/stock/news/2324221/deere-company-de-is-attracting-investor-attention-here-is-what-you-should-know,"Deere (DE) has received quite a bit of attention from Zacks.com users lately. Therefore, it is wise to be aware of the facts that can impact the stock's prospects.",www.zacks.com,0.219596,Somewhat-Bullish,DE,0.486627,0.095299,Neutral
2024-08-20 20:01:41,Decoding Deere's Options Activity: What's the Big Picture? - Deere  ( NYSE:DE ) ,https://www.benzinga.com/insights/options/24/08/40472362/decoding-deeres-options-activity-whats-the-big-picture,"Financial giants have made a conspicuous bearish move on Deere. Our analysis of options history for Deere DE revealed 12 unusual trades. Delving into the details, we found 41% of traders were bullish, while 58% showed bearish tendencies.",www.benzinga.com,0.169411,Somewhat-Bullish,DE,0.7887,0.130812,Neutral
2024-08-23 16:01:13,A Closer Look at Deere's Options Market Dynamics - Deere  ( NYSE:DE ) ,https://www.benzinga.com/insights/options/24/08/40531688/a-closer-look-at-deeres-options-market-dynamics,"Deep-pocketed investors have adopted a bullish approach towards Deere DE, and it's something market players shouldn't ignore. Our tracking of public options records at Benzinga unveiled this significant move today.",www.benzinga.com,0.161899,Somewhat-Bullish,DE,0.786167,0.266299,Somewhat-Bullish
2024-08-27 11:30:00,"Compact Wheel Loader Market is Projected to Expand US$ 66.83 Billion by 2034, at a 5.1% CAGR | Fact.MR Report",https://www.benzinga.com/pressreleases/24/08/g40572629/compact-wheel-loader-market-is-projected-to-expand-us-66-83-billion-by-2034-at-a-5-1-cagr-fact-mr-,"Rockville, MD, Aug. 27, 2024 ( GLOBE NEWSWIRE ) -- Fact.MR, a market research and competitive intelligence provider, in its new research report, reveals that the global compact wheel loader market is projected to reach a value of US$ 40.64 billion in 2024 and further advance at a CAGR of 5.1% ...",www.benzinga.com,0.389879,Bullish,DE,0.034984,-0.05487,Neutral
2024-08-28 13:00:00,Precision Farming Market to Gain USD 22.09 Billion by 2031 | SkyQuest Technology,https://www.benzinga.com/pressreleases/24/08/g40600125/precision-farming-market-to-gain-usd-22-09-billion-by-2031-skyquest-technology,"Westford, USA, Aug. 28, 2024 ( GLOBE NEWSWIRE ) -- SkyQuest projects that Global Precision Farming Market will attain a value of USD 22.09 Billion by 2031, with a CAGR of 10.7% during the forecast period ( 2024-2031 ) .",www.benzinga.com,0.397551,Bullish,DE,0.050679,0.0,Neutral
2024-08-28 16:30:58,Looking At Deere's Recent Unusual Options Activity - Deere  ( NYSE:DE ) ,https://www.benzinga.com/insights/options/24/08/40606975/looking-at-deeres-recent-unusual-options-activity,"Investors with a lot of money to spend have taken a bearish stance on Deere DE. We noticed this today when the trades showed up on publicly available options history that we track here at Benzinga. Whether these are institutions or just wealthy individuals, we don't know.",www.benzinga.com,0.129174,Neutral,DE,0.853774,0.193453,Somewhat-Bullish
2024-08-30 12:02:17,Precision Farming Market to Gain USD 22.09 Billion by 2031 | SkyQuest Technology,https://www.benzinga.com/pressreleases/24/08/g40649901/precision-farming-market-to-gain-usd-22-09-billion-by-2031-skyquest-technology,"Westford, USA, Aug. 30, 2024 ( GLOBE NEWSWIRE ) -- SkyQuest projects that Global Precision Farming Market will attain a value of USD 22.09 Billion by 2031, with a CAGR of 10.7% during the forecast period ( 2024-2031 ) .",www.benzinga.com,0.397551,Bullish,DE,0.050679,0.0,Neutral
2024-08-30 16:51:00,"Titan Machinery Meets on Q2 Earnings, Lowers FY25 View on Soft Demand",https://www.zacks.com/stock/news/2329928/titan-machinery-meets-on-q2-earnings-lowers-fy25-view-on-soft-demand,TITN expects the EPS between breakeven and 50 cents for fiscal 2025 versus the earlier mentioned EPS of $2.25-$2.75.,www.zacks.com,-0.111862,Neutral,DE,0.099476,-0.037952,Neutral
